node,in_degree,out_degree,total_degree,betweenness,pagerank,pagerank_reversed,closeness,eigenvector
MFG-00028,9,50,59,0.0233647433542863,0.0012378976124217,0.0069165450061402,0.1774797802731713,0.0129196570319906
MFG-00131,16,54,70,0.0288291543183905,0.0018499714450862,0.0062454308151665,0.157327182272047,0.0096944006621973
MFG-00141,6,51,57,0.0105894030513921,0.0010667144161737,0.0053185705180361,0.1515895823610804,0.0053875070346757
WHS-00014,39,36,75,0.0604528671667147,0.0050828673874711,0.0050750619915699,0.1988400828959327,0.1137917765496224
WHS-00063,29,36,65,0.0512985361195093,0.0028368585694677,0.0048427159317415,0.2200988708480442,0.0632914656363497
WHS-00044,20,36,56,0.035572211710551,0.0026770743015018,0.0037563988483045,0.1931892102026202,0.056144229320207
LOG-00020,0,4,4,0.0,0.0003798909491624,0.003617126007038,0.0,9.810527203015464e-26
LOG-00080,0,3,3,0.0,0.0003798909491624,0.0034985606390764,0.0,9.810527203015464e-26
DST-00162,13,37,50,0.0292322946051008,0.0024471660609778,0.0031907825900905,0.191713616940203,0.0524776502831394
LOG-00090,0,3,3,0.0,0.0003798909491624,0.0031353255228451,0.0,9.810527203015464e-26
DST-00147,0,30,30,0.0,0.0003798909491624,0.0030512668997923,0.0,9.810527203015464e-26
LOG-00049,0,4,4,0.0,0.0003798909491624,0.002961037081914,0.0,9.810527203015464e-26
DST-00084,15,37,52,0.0186000362537343,0.0032083125363157,0.0027634113147167,0.1865617930430106,0.0475846486141454
DST-00149,15,38,53,0.0282459597146093,0.0035848130627227,0.0027609573093967,0.2003663346835895,0.1284303614078602
DST-00042,10,39,49,0.0408229176778551,0.0020524933750546,0.0026907380969685,0.2043824466221268,0.0433802490447092
DST-00112,11,37,48,0.0556973389879019,0.0038839189059717,0.0026870218672881,0.2186241715458798,0.0524656465073632
LOG-00027,0,6,6,0.0,0.0003798909491624,0.0026767143976006,0.0,9.810527203015464e-26
LOG-00063,0,4,4,0.0,0.0003798909491624,0.002663097693578,0.0,9.810527203015464e-26
MFG-00099,3,10,13,0.0003639905966351,0.0005151943731545,0.0025329073686011,0.0032225579053373,1.8649812212932405e-22
DST-00019,9,39,48,0.0072204109463803,0.0014353377127529,0.0024937655344951,0.1473787606288281,0.0110166711846414
