node,community_id
SUP-00223,0
SUP-00010,0
SUP-00232,0
DST-00192,0
MFG-00029,0
SUP-00204,0
DST-00086,0
SUP-00152,0
LOG-00059,0
WHS-00062,0
RET-00106,0
SUP-00224,0
LOG-00082,0
MFG-00096,0
DST-00009,0
LOG-00091,0
MFG-00039,0
WHS-00021,0
SUP-00295,0
SUP-00090,0
SUP-00234,0
SUP-00184,0
WHS-00048,0
RET-00066,0
LOG-00042,0
LOG-00007,0
RET-00051,0
RET-00120,0
DST-00152,0
DST-00072,0
SUP-00279,0
MFG-00047,0
WHS-00083,0
DST-00154,0
SUP-00120,0
RET-00046,0
DST-00070,0
DST-00065,0
LOG-00080,0
LOG-00050,0
RET-00114,0
MFG-00135,0
LOG-00012,0
SUP-00045,0
SUP-00183,0
DST-00095,0
DST-00176,0
DST-00190,0
WHS-00070,0
SUP-00248,0
MFG-00104,0
SUP-00079,0
SUP-00128,0
MFG-00069,0
SUP-00270,0
RET-00069,0
RET-00131,0
WHS-00060,0
WHS-00026,0
DST-00074,0
RET-00067,0
DST-00150,0
DST-00075,0
DST-00089,0
DST-00167,0
SUP-00293,0
DST-00081,0
WHS-00096,0
RET-00130,0
WHS-00028,0
LOG-00004,0
RET-00024,0
SUP-00285,0
DST-00173,0
DST-00182,0
DST-00049,0
RET-00013,0
DST-00052,0
SUP-00252,0
RET-00147,0
DST-00138,0
WHS-00067,0
DST-00071,0
SUP-00138,0
LOG-00006,0
WHS-00013,0
DST-00158,0
WHS-00068,0
DST-00191,0
DST-00008,0
DST-00038,0
SUP-00082,0
WHS-00004,0
SUP-00116,0
RET-00065,0
SUP-00231,0
DST-00082,0
WHS-00072,0
SUP-00108,0
SUP-00049,0
SUP-00146,0
WHS-00011,0
SUP-00054,0
LOG-00078,0
SUP-00134,0
MFG-00082,0
DST-00142,0
LOG-00092,0
DST-00137,0
RET-00101,0
LOG-00095,0
SUP-00256,0
DST-00002,0
SUP-00151,0
DST-00053,0
SUP-00281,0
DST-00059,0
SUP-00030,0
RET-00146,0
LOG-00087,0
DST-00175,0
LOG-00088,0
SUP-00135,0
DST-00160,0
SUP-00071,0
DST-00107,0
DST-00195,0
SUP-00287,0
RET-00036,0
MFG-00025,0
SUP-00247,0
SUP-00205,0
SUP-00185,0
DST-00179,0
SUP-00237,0
MFG-00143,0
SUP-00119,0
WHS-00094,0
WHS-00041,0
SUP-00115,0
SUP-00037,0
DST-00090,0
RET-00025,0
SUP-00109,0
DST-00151,0
DST-00055,0
MFG-00076,0
MFG-00144,0
SUP-00070,0
MFG-00134,0
SUP-00243,0
MFG-00099,0
LOG-00003,0
SUP-00165,0
DST-00147,0
SUP-00027,0
DST-00023,0
DST-00042,0
WHS-00095,0
DST-00094,0
SUP-00101,0
WHS-00010,0
MFG-00065,0
MFG-00008,0
SUP-00297,0
RET-00038,0
WHS-00035,0
DST-00013,0
SUP-00250,0
MFG-00009,0
SUP-00019,0
RET-00138,0
DST-00126,0
DST-00032,0
SUP-00255,0
DST-00044,0
DST-00136,0
RET-00097,0
SUP-00028,0
SUP-00129,0
SUP-00288,0
WHS-00098,0
MFG-00148,0
SUP-00062,0
DST-00185,0
DST-00051,0
SUP-00160,0
MFG-00021,0
RET-00089,0
SUP-00206,0
MFG-00003,0
MFG-00063,0
WHS-00009,0
WHS-00031,0
WHS-00012,0
SUP-00149,0
SUP-00155,0
MFG-00062,0
RET-00094,0
SUP-00093,0
DST-00163,0
RET-00119,0
RET-00004,0
RET-00047,0
MFG-00037,0
RET-00129,0
RET-00099,0
SUP-00215,0
LOG-00084,0
SUP-00298,0
RET-00073,0
SUP-00013,0
RET-00057,0
SUP-00235,0
DST-00139,0
WHS-00091,0
SUP-00273,0
MFG-00058,0
WHS-00054,0
WHS-00065,0
MFG-00110,1
RET-00123,1
SUP-00172,1
MFG-00035,1
DST-00149,1
MFG-00139,1
SUP-00211,1
WHS-00088,1
DST-00046,1
SUP-00254,1
SUP-00209,1
DST-00113,1
RET-00077,1
RET-00001,1
DST-00133,1
LOG-00054,1
MFG-00073,1
DST-00073,1
RET-00104,1
RET-00041,1
DST-00198,1
WHS-00015,1
DST-00120,1
DST-00022,1
SUP-00080,1
SUP-00283,1
WHS-00036,1
SUP-00097,1
SUP-00261,1
MFG-00041,1
DST-00104,1
SUP-00236,1
SUP-00087,1
DST-00093,1
DST-00084,1
SUP-00040,1
MFG-00013,1
SUP-00188,1
RET-00027,1
SUP-00006,1
LOG-00071,1
LOG-00002,1
SUP-00032,1
WHS-00051,1
LOG-00067,1
DST-00141,1
RET-00029,1
SUP-00072,1
SUP-00026,1
RET-00080,1
LOG-00098,1
RET-00121,1
RET-00149,1
SUP-00216,1
SUP-00167,1
LOG-00051,1
SUP-00265,1
SUP-00113,1
SUP-00158,1
WHS-00001,1
WHS-00099,1
LOG-00048,1
SUP-00186,1
WHS-00075,1
RET-00023,1
MFG-00059,1
MFG-00112,1
WHS-00034,1
SUP-00272,1
DST-00128,1
SUP-00011,1
RET-00132,1
SUP-00091,1
LOG-00014,1
RET-00122,1
MFG-00018,1
RET-00010,1
DST-00188,1
WHS-00076,1
DST-00036,1
SUP-00035,1
SUP-00050,1
SUP-00137,1
WHS-00018,1
RET-00059,1
SUP-00088,1
DST-00165,1
RET-00140,1
RET-00020,1
DST-00080,1
DST-00021,1
RET-00079,1
MFG-00107,1
MFG-00053,1
SUP-00058,1
LOG-00079,1
SUP-00055,1
WHS-00086,1
DST-00025,1
RET-00016,1
WHS-00077,1
SUP-00202,1
LOG-00057,1
MFG-00048,1
WHS-00050,1
MFG-00109,1
SUP-00181,1
LOG-00013,1
SUP-00002,1
SUP-00144,1
MFG-00050,1
MFG-00011,1
DST-00170,1
SUP-00299,1
MFG-00097,1
SUP-00164,1
LOG-00066,1
RET-00091,1
MFG-00101,1
MFG-00111,1
DST-00178,1
SUP-00102,1
DST-00039,1
MFG-00028,1
DST-00164,1
DST-00078,1
LOG-00041,1
LOG-00045,1
SUP-00074,1
SUP-00163,1
WHS-00019,1
SUP-00022,1
LOG-00055,1
WHS-00063,1
RET-00139,1
SUP-00139,1
SUP-00023,1
LOG-00069,1
RET-00112,1
LOG-00022,1
WHS-00073,1
SUP-00096,1
LOG-00097,1
DST-00187,1
DST-00043,1
SUP-00174,1
MFG-00126,1
SUP-00069,1
SUP-00244,1
MFG-00145,1
SUP-00075,1
WHS-00040,1
LOG-00008,1
SUP-00092,1
RET-00044,1
DST-00110,1
RET-00087,1
DST-00171,1
SUP-00212,1
MFG-00091,1
RET-00034,1
DST-00168,1
RET-00108,1
SUP-00103,1
SUP-00249,1
MFG-00042,1
SUP-00294,1
SUP-00061,1
MFG-00066,1
SUP-00081,1
RET-00012,1
SUP-00132,1
SUP-00274,1
WHS-00053,1
SUP-00034,1
WHS-00042,1
WHS-00023,1
WHS-00007,1
RET-00062,1
DST-00131,1
SUP-00251,1
MFG-00075,1
SUP-00198,1
RET-00026,1
SUP-00008,1
DST-00117,1
DST-00119,1
MFG-00024,1
MFG-00078,1
LOG-00017,1
WHS-00093,1
MFG-00027,1
DST-00106,1
DST-00157,1
LOG-00044,1
MFG-00146,1
MFG-00098,1
SUP-00121,1
WHS-00002,2
MFG-00032,2
WHS-00017,2
DST-00027,2
LOG-00033,2
LOG-00085,2
RET-00006,2
DST-00092,2
SUP-00017,2
RET-00022,2
SUP-00199,2
RET-00143,2
DST-00031,2
RET-00075,2
MFG-00057,2
RET-00009,2
WHS-00058,2
WHS-00064,2
DST-00012,2
RET-00063,2
LOG-00024,2
DST-00010,2
SUP-00277,2
RET-00052,2
MFG-00001,2
DST-00121,2
DST-00037,2
LOG-00031,2
MFG-00125,2
SUP-00059,2
DST-00096,2
MFG-00103,2
SUP-00031,2
DST-00199,2
MFG-00034,2
LOG-00099,2
WHS-00043,2
SUP-00052,2
MFG-00140,2
SUP-00259,2
RET-00085,2
DST-00034,2
MFG-00079,2
SUP-00275,2
RET-00150,2
SUP-00094,2
RET-00127,2
MFG-00081,2
RET-00055,2
SUP-00125,2
LOG-00047,2
SUP-00025,2
RET-00084,2
RET-00083,2
SUP-00100,2
MFG-00067,2
SUP-00131,2
WHS-00092,2
DST-00056,2
SUP-00041,2
DST-00162,2
RET-00011,2
SUP-00043,2
MFG-00023,2
LOG-00018,2
MFG-00051,2
RET-00128,2
WHS-00085,2
MFG-00086,2
MFG-00040,2
SUP-00111,2
RET-00124,2
SUP-00107,2
SUP-00126,2
MFG-00150,2
DST-00102,2
LOG-00028,2
DST-00115,2
SUP-00182,2
LOG-00089,2
SUP-00208,2
DST-00127,2
SUP-00267,2
SUP-00007,2
DST-00069,2
LOG-00040,2
DST-00048,2
DST-00181,2
RET-00035,2
DST-00018,2
DST-00116,2
RET-00137,2
DST-00184,2
DST-00083,2
MFG-00147,2
LOG-00075,2
DST-00060,2
LOG-00058,2
LOG-00049,2
LOG-00016,2
LOG-00073,2
MFG-00083,2
SUP-00218,2
RET-00113,2
SUP-00122,2
MFG-00093,2
DST-00194,2
SUP-00067,2
MFG-00108,2
RET-00118,2
MFG-00115,2
SUP-00098,2
MFG-00106,2
SUP-00036,2
DST-00145,2
SUP-00099,2
RET-00088,2
DST-00183,2
MFG-00074,2
MFG-00070,2
SUP-00217,2
LOG-00053,2
RET-00105,2
SUP-00192,2
DST-00020,2
SUP-00156,2
RET-00117,2
SUP-00264,2
DST-00067,2
MFG-00006,2
RET-00126,2
SUP-00142,2
SUP-00154,2
WHS-00044,2
RET-00125,2
WHS-00037,2
SUP-00117,2
SUP-00257,2
SUP-00048,2
WHS-00090,2
SUP-00112,2
SUP-00229,2
DST-00004,2
DST-00026,2
MFG-00130,2
DST-00159,2
DST-00122,2
LOG-00063,2
MFG-00016,2
SUP-00073,2
MFG-00004,2
SUP-00066,2
SUP-00271,2
SUP-00222,2
LOG-00083,2
MFG-00012,2
SUP-00268,2
RET-00008,2
WHS-00020,2
DST-00041,2
MFG-00064,2
DST-00016,2
WHS-00074,2
DST-00045,2
SUP-00179,2
SUP-00038,2
SUP-00060,2
WHS-00033,2
WHS-00061,2
LOG-00043,2
MFG-00117,2
RET-00076,2
SUP-00051,2
DST-00174,2
LOG-00093,2
SUP-00123,2
SUP-00004,2
MFG-00049,2
SUP-00238,2
DST-00166,2
LOG-00056,2
DST-00129,2
LOG-00060,2
MFG-00061,2
LOG-00025,2
SUP-00291,2
DST-00196,2
DST-00148,2
RET-00142,2
RET-00133,2
MFG-00119,2
SUP-00015,2
RET-00141,2
DST-00197,2
MFG-00105,2
DST-00135,2
WHS-00039,3
SUP-00296,3
RET-00039,3
SUP-00260,3
MFG-00080,3
MFG-00087,3
DST-00085,3
SUP-00242,3
MFG-00092,3
DST-00169,3
SUP-00042,3
MFG-00142,3
MFG-00017,3
SUP-00089,3
MFG-00044,3
DST-00103,3
WHS-00081,3
DST-00101,3
DST-00098,3
WHS-00025,3
LOG-00026,3
SUP-00286,3
MFG-00054,3
LOG-00072,3
MFG-00149,3
RET-00115,3
MFG-00133,3
RET-00081,3
RET-00144,3
SUP-00110,3
MFG-00055,3
MFG-00019,3
SUP-00290,3
SUP-00178,3
WHS-00059,3
WHS-00055,3
DST-00014,3
DST-00017,3
RET-00116,3
MFG-00136,3
DST-00079,3
RET-00018,3
SUP-00245,3
WHS-00066,3
MFG-00026,3
MFG-00030,3
SUP-00195,3
RET-00136,3
MFG-00118,3
WHS-00078,3
RET-00049,3
RET-00058,3
SUP-00147,3
RET-00031,3
SUP-00262,3
RET-00060,3
LOG-00061,3
SUP-00104,3
SUP-00159,3
LOG-00030,3
SUP-00063,3
WHS-00056,3
SUP-00230,3
DST-00015,3
SUP-00214,3
DST-00180,3
RET-00028,3
RET-00148,3
RET-00082,3
WHS-00082,3
SUP-00196,3
RET-00021,3
MFG-00131,3
DST-00091,3
SUP-00177,3
WHS-00029,3
RET-00064,3
RET-00093,3
SUP-00190,3
MFG-00094,3
SUP-00136,3
MFG-00052,3
SUP-00258,3
SUP-00227,3
SUP-00197,3
RET-00134,3
RET-00053,3
MFG-00031,3
SUP-00219,3
LOG-00034,3
SUP-00140,3
DST-00130,3
DST-00100,3
SUP-00157,3
SUP-00233,3
DST-00099,3
MFG-00007,3
DST-00124,3
LOG-00035,3
WHS-00100,3
RET-00135,3
DST-00058,3
DST-00108,3
LOG-00065,3
RET-00072,3
SUP-00033,3
SUP-00228,3
SUP-00194,3
MFG-00116,3
LOG-00027,3
MFG-00072,3
SUP-00191,3
LOG-00077,3
DST-00007,3
DST-00076,3
SUP-00289,3
WHS-00005,3
SUP-00133,3
LOG-00039,3
MFG-00132,3
SUP-00170,3
SUP-00127,3
SUP-00269,3
DST-00024,3
RET-00037,3
SUP-00162,3
MFG-00123,3
LOG-00052,3
DST-00140,3
RET-00005,3
RET-00111,3
SUP-00077,3
DST-00047,3
RET-00100,3
RET-00109,3
RET-00068,3
MFG-00088,3
LOG-00096,3
SUP-00148,3
LOG-00015,3
SUP-00282,3
SUP-00046,3
DST-00029,3
DST-00087,3
MFG-00127,3
DST-00064,3
MFG-00128,3
DST-00132,3
LOG-00081,3
MFG-00120,3
SUP-00200,3
MFG-00043,3
SUP-00169,3
WHS-00030,3
DST-00066,3
RET-00071,3
SUP-00263,3
DST-00186,3
SUP-00021,3
RET-00092,3
DST-00061,3
LOG-00037,3
LOG-00005,3
MFG-00085,3
MFG-00095,3
WHS-00069,3
SUP-00240,3
LOG-00064,3
SUP-00076,3
LOG-00032,3
MFG-00015,3
SUP-00300,3
WHS-00003,3
MFG-00005,3
SUP-00161,3
SUP-00086,3
MFG-00122,3
LOG-00036,3
RET-00070,3
DST-00057,3
SUP-00189,3
LOG-00010,3
MFG-00090,3
RET-00098,3
SUP-00171,3
RET-00043,3
DST-00088,3
LOG-00070,3
SUP-00187,3
DST-00123,3
RET-00107,3
WHS-00008,3
SUP-00180,3
SUP-00246,3
SUP-00241,3
RET-00054,3
MFG-00036,4
MFG-00020,4
SUP-00175,4
RET-00090,4
DST-00050,4
RET-00045,4
SUP-00173,4
SUP-00118,4
WHS-00014,4
LOG-00011,4
RET-00014,4
LOG-00090,4
SUP-00143,4
DST-00112,4
DST-00153,4
SUP-00141,4
RET-00017,4
MFG-00137,4
SUP-00292,4
SUP-00084,4
RET-00030,4
MFG-00038,4
DST-00155,4
DST-00019,4
SUP-00166,4
SUP-00012,4
WHS-00027,4
SUP-00065,4
RET-00110,4
WHS-00016,4
WHS-00022,4
DST-00006,4
MFG-00100,4
MFG-00045,4
WHS-00032,4
LOG-00023,4
SUP-00016,4
MFG-00014,4
DST-00111,4
RET-00103,4
SUP-00078,4
MFG-00102,4
DST-00030,4
DST-00033,4
SUP-00280,4
SUP-00064,4
WHS-00038,4
DST-00003,4
SUP-00253,4
SUP-00106,4
MFG-00002,4
SUP-00276,4
WHS-00045,4
MFG-00089,4
WHS-00080,4
SUP-00284,4
SUP-00047,4
SUP-00068,4
LOG-00029,4
RET-00096,4
WHS-00084,4
WHS-00046,4
SUP-00001,4
DST-00143,4
MFG-00121,4
SUP-00105,4
SUP-00124,4
DST-00062,4
RET-00002,4
RET-00056,4
RET-00050,4
SUP-00014,4
DST-00118,4
SUP-00210,4
MFG-00124,4
RET-00145,4
MFG-00022,4
DST-00172,4
MFG-00141,4
DST-00177,4
DST-00040,4
SUP-00225,4
DST-00097,4
RET-00061,4
SUP-00044,4
SUP-00266,4
SUP-00024,4
LOG-00020,4
SUP-00153,4
RET-00078,4
DST-00156,4
DST-00200,4
RET-00040,4
DST-00193,4
LOG-00038,4
RET-00102,4
DST-00189,4
SUP-00009,4
LOG-00076,4
DST-00028,4
SUP-00005,4
RET-00086,4
MFG-00114,4
WHS-00024,4
DST-00005,4
SUP-00220,4
RET-00033,4
SUP-00239,4
DST-00001,4
DST-00035,4
DST-00161,4
DST-00011,4
MFG-00084,4
SUP-00130,4
MFG-00077,4
WHS-00057,4
WHS-00006,4
WHS-00049,4
DST-00114,4
RET-00007,4
SUP-00221,4
SUP-00114,4
SUP-00207,4
LOG-00062,4
LOG-00100,4
RET-00074,4
MFG-00060,4
SUP-00150,4
SUP-00085,4
RET-00019,4
DST-00105,4
SUP-00168,4
LOG-00001,4
DST-00146,4
SUP-00029,4
LOG-00019,4
SUP-00203,4
MFG-00138,4
RET-00042,4
SUP-00020,4
SUP-00039,4
RET-00003,4
SUP-00018,4
SUP-00278,4
SUP-00201,4
WHS-00089,4
MFG-00129,4
SUP-00083,4
WHS-00071,4
DST-00077,4
LOG-00046,4
MFG-00071,4
DST-00054,4
WHS-00087,4
WHS-00052,4
SUP-00176,4
DST-00134,4
SUP-00056,4
RET-00095,4
DST-00063,4
SUP-00226,4
DST-00109,4
RET-00032,4
MFG-00056,4
SUP-00095,4
MFG-00068,4
MFG-00033,4
SUP-00053,4
LOG-00086,4
DST-00068,4
RET-00048,4
WHS-00079,4
SUP-00003,4
SUP-00145,4
SUP-00193,4
DST-00125,4
MFG-00046,4
DST-00144,4
MFG-00113,4
SUP-00213,4
WHS-00047,4
SUP-00057,4
MFG-00010,4
WHS-00097,4
