node,node_type,num_suppliers,top_supplier,top_supplier_type,supplier_dependency_ratio,total_upstream_weight
DST-00172,distributor,1,MFG-00010,manufacturer,1.0,5.0
WHS-00052,warehouse,1,MFG-00028,manufacturer,1.0,3.0
DST-00135,distributor,1,MFG-00040,manufacturer,1.0,2.0
DST-00012,distributor,1,MFG-00023,manufacturer,1.0,2.0
DST-00006,distributor,1,MFG-00108,manufacturer,1.0,5.0
DST-00020,distributor,1,WHS-00020,warehouse,1.0,5.0
MFG-00052,manufacturer,1,SUP-00127,supplier,1.0,6.0
DST-00183,distributor,1,MFG-00115,manufacturer,1.0,3.0
DST-00158,distributor,1,WHS-00091,warehouse,1.0,4.0
DST-00161,distributor,1,MFG-00060,manufacturer,1.0,6.0
DST-00175,distributor,1,MFG-00135,manufacturer,1.0,4.0
DST-00002,distributor,1,WHS-00014,warehouse,1.0,2.0
DST-00142,distributor,1,MFG-00131,manufacturer,1.0,4.0
DST-00109,distributor,1,WHS-00049,warehouse,1.0,3.0
WHS-00008,warehouse,1,SUP-00177,supplier,1.0,5.0
RET-00136,retailer,1,DST-00029,distributor,1.0,3.0
DST-00110,distributor,1,WHS-00050,warehouse,1.0,2.0
DST-00189,distributor,1,MFG-00100,manufacturer,1.0,4.0
DST-00051,distributor,1,MFG-00028,manufacturer,1.0,2.0
DST-00057,distributor,1,MFG-00095,manufacturer,1.0,3.0
DST-00089,distributor,1,MFG-00131,manufacturer,1.0,5.0
WHS-00004,warehouse,1,MFG-00099,manufacturer,1.0,3.0
RET-00044,retailer,1,DST-00084,distributor,1.0,2.0
DST-00096,distributor,1,MFG-00130,manufacturer,1.0,3.0
DST-00156,distributor,1,MFG-00084,manufacturer,1.0,6.0
DST-00153,distributor,1,WHS-00027,warehouse,1.0,2.0
DST-00171,distributor,1,WHS-00093,warehouse,1.0,4.0
DST-00032,distributor,1,MFG-00009,manufacturer,1.0,4.0
DST-00036,distributor,1,MFG-00146,manufacturer,1.0,2.0
DST-00033,distributor,1,MFG-00038,manufacturer,1.0,4.0
RET-00126,retailer,1,DST-00162,distributor,1.0,3.0
DST-00064,distributor,1,WHS-00078,warehouse,1.0,4.0
DST-00070,distributor,1,WHS-00026,warehouse,1.0,4.0
WHS-00087,warehouse,1,SUP-00044,supplier,1.0,4.0
DST-00123,distributor,2,MFG-00015,manufacturer,0.75,8.0
DST-00050,distributor,2,MFG-00002,manufacturer,0.75,8.0
DST-00178,distributor,2,MFG-00111,manufacturer,0.7143,7.0
RET-00064,retailer,2,DST-00147,distributor,0.7143,7.0
MFG-00142,manufacturer,2,SUP-00194,supplier,0.6667,6.0
DST-00134,distributor,2,WHS-00052,warehouse,0.6667,6.0
DST-00181,distributor,2,MFG-00131,manufacturer,0.6667,6.0
MFG-00064,manufacturer,2,SUP-00126,supplier,0.6667,6.0
DST-00104,distributor,2,WHS-00014,warehouse,0.6667,9.0
RET-00120,retailer,2,WHS-00014,warehouse,0.6667,9.0
DST-00055,distributor,2,MFG-00143,manufacturer,0.6667,6.0
DST-00174,distributor,2,MFG-00130,manufacturer,0.6667,6.0
DST-00167,distributor,2,MFG-00099,manufacturer,0.6667,6.0
WHS-00067,warehouse,2,MFG-00009,manufacturer,0.625,8.0
DST-00122,distributor,2,MFG-00074,manufacturer,0.625,8.0
DST-00066,distributor,2,MFG-00072,manufacturer,0.625,8.0
MFG-00083,manufacturer,2,SUP-00015,supplier,0.625,8.0
DST-00125,distributor,2,WHS-00071,warehouse,0.625,8.0
MFG-00027,manufacturer,2,SUP-00080,supplier,0.625,8.0
MFG-00119,manufacturer,2,SUP-00017,supplier,0.625,8.0
RET-00068,retailer,2,DST-00180,distributor,0.6,5.0
RET-00026,retailer,3,DST-00131,distributor,0.6,10.0
DST-00075,distributor,2,WHS-00044,warehouse,0.6,10.0
DST-00081,distributor,2,WHS-00021,warehouse,0.6,5.0
DST-00145,distributor,2,MFG-00040,manufacturer,0.6,5.0
DST-00041,distributor,2,WHS-00014,warehouse,0.6,5.0
WHS-00017,warehouse,2,MFG-00051,manufacturer,0.6,5.0
DST-00076,distributor,2,MFG-00122,manufacturer,0.6,5.0
DST-00200,distributor,2,MFG-00033,manufacturer,0.6,10.0
DST-00016,distributor,2,MFG-00006,manufacturer,0.5714,7.0
DST-00086,distributor,2,WHS-00083,warehouse,0.5714,7.0
DST-00038,distributor,3,WHS-00068,warehouse,0.5556,9.0
DST-00169,distributor,2,MFG-00015,manufacturer,0.5556,9.0
MFG-00124,manufacturer,3,SUP-00005,supplier,0.5556,9.0
DST-00004,distributor,2,WHS-00092,warehouse,0.5455,11.0
DST-00129,distributor,3,MFG-00012,manufacturer,0.5455,11.0
RET-00043,retailer,2,DST-00064,distributor,0.5455,11.0
DST-00113,distributor,2,MFG-00018,manufacturer,0.5,6.0
WHS-00099,warehouse,3,SUP-00158,supplier,0.5,10.0
DST-00025,distributor,2,MFG-00098,manufacturer,0.5,10.0
WHS-00075,warehouse,2,DST-00162,distributor,0.5,8.0
DST-00170,distributor,2,MFG-00111,manufacturer,0.5,4.0
DST-00114,distributor,3,MFG-00124,manufacturer,0.5,10.0
WHS-00034,warehouse,2,SUP-00072,supplier,0.5,6.0
MFG-00085,manufacturer,3,SUP-00171,supplier,0.5,12.0
DST-00107,distributor,2,MFG-00058,manufacturer,0.5,4.0
RET-00070,retailer,3,DST-00087,distributor,0.5,12.0
MFG-00099,manufacturer,3,SUP-00285,supplier,0.5,10.0
WHS-00048,warehouse,3,DST-00147,distributor,0.5,12.0
DST-00173,distributor,2,MFG-00096,manufacturer,0.5,4.0
WHS-00047,warehouse,3,DST-00035,distributor,0.5,10.0
WHS-00011,warehouse,3,MFG-00029,manufacturer,0.5,10.0
DST-00185,distributor,2,MFG-00003,manufacturer,0.5,4.0
DST-00148,distributor,2,MFG-00117,manufacturer,0.5,10.0
DST-00120,distributor,3,WHS-00018,warehouse,0.4615,13.0
DST-00137,distributor,3,WHS-00004,warehouse,0.4615,13.0
WHS-00069,warehouse,3,SUP-00197,supplier,0.4615,13.0
MFG-00039,manufacturer,4,WHS-00094,warehouse,0.4615,13.0
DST-00154,distributor,3,WHS-00026,warehouse,0.4615,13.0
DST-00199,distributor,3,MFG-00150,manufacturer,0.4545,11.0
WHS-00078,warehouse,3,DST-00180,distributor,0.4545,11.0
RET-00118,retailer,3,MFG-00057,manufacturer,0.4545,11.0
DST-00141,distributor,3,WHS-00093,warehouse,0.4545,11.0
MFG-00020,manufacturer,3,WHS-00063,warehouse,0.4545,11.0
DST-00092,distributor,4,MFG-00001,manufacturer,0.4545,11.0
MFG-00060,manufacturer,3,SUP-00280,supplier,0.4545,11.0
DST-00133,distributor,3,MFG-00091,manufacturer,0.4545,11.0
DST-00068,distributor,3,MFG-00038,manufacturer,0.4444,9.0
DST-00095,distributor,3,MFG-00008,manufacturer,0.4286,14.0
DST-00026,distributor,4,MFG-00016,manufacturer,0.4286,14.0
DST-00155,distributor,3,MFG-00028,manufacturer,0.4286,14.0
DST-00009,distributor,3,MFG-00029,manufacturer,0.4286,14.0
DST-00138,distributor,3,WHS-00011,warehouse,0.4286,14.0
WHS-00095,warehouse,3,MFG-00062,manufacturer,0.4167,12.0
RET-00075,retailer,3,DST-00020,distributor,0.4167,12.0
MFG-00030,manufacturer,3,SUP-00187,supplier,0.4167,12.0
DST-00048,distributor,3,MFG-00012,manufacturer,0.4167,12.0
DST-00029,distributor,3,MFG-00094,manufacturer,0.4167,12.0
MFG-00031,manufacturer,4,SUP-00178,supplier,0.4167,12.0
DST-00111,distributor,4,MFG-00014,manufacturer,0.4,15.0
MFG-00051,manufacturer,3,SUP-00025,supplier,0.4,15.0
RET-00062,retailer,3,DST-00039,distributor,0.4,15.0
MFG-00070,manufacturer,4,SUP-00291,supplier,0.4,15.0
WHS-00010,warehouse,3,MFG-00143,manufacturer,0.4,15.0
DST-00062,distributor,3,MFG-00020,manufacturer,0.4,15.0
DST-00054,distributor,3,WHS-00006,warehouse,0.4,15.0
MFG-00093,manufacturer,3,SUP-00142,supplier,0.4,10.0
DST-00140,distributor,4,WHS-00063,warehouse,0.4,15.0
DST-00049,distributor,3,MFG-00104,manufacturer,0.4,15.0
DST-00143,distributor,3,WHS-00063,warehouse,0.4,10.0
DST-00078,distributor,3,MFG-00112,manufacturer,0.4,10.0
RET-00128,retailer,3,DST-00129,distributor,0.3846,13.0
DST-00074,distributor,3,MFG-00028,manufacturer,0.3846,13.0
RET-00060,retailer,4,MFG-00131,manufacturer,0.3846,13.0
DST-00056,distributor,3,MFG-00023,manufacturer,0.3846,13.0
DST-00159,distributor,4,MFG-00086,manufacturer,0.3846,13.0
DST-00157,distributor,3,MFG-00059,manufacturer,0.3846,13.0
MFG-00007,manufacturer,3,SUP-00041,supplier,0.3846,13.0
DST-00182,distributor,3,MFG-00144,manufacturer,0.3846,13.0
RET-00054,retailer,4,DST-00088,distributor,0.375,16.0
RET-00016,retailer,4,DST-00178,distributor,0.375,16.0
DST-00082,distributor,4,WHS-00013,warehouse,0.375,16.0
RET-00097,retailer,5,DST-00115,distributor,0.375,16.0
DST-00091,distributor,4,MFG-00007,manufacturer,0.375,16.0
DST-00164,distributor,5,MFG-00050,manufacturer,0.375,16.0
DST-00193,distributor,3,MFG-00022,manufacturer,0.375,8.0
DST-00059,distributor,4,WHS-00011,warehouse,0.3636,11.0
DST-00083,distributor,3,MFG-00115,manufacturer,0.3636,11.0
MFG-00150,manufacturer,4,SUP-00066,supplier,0.3636,11.0
DST-00191,distributor,4,MFG-00062,manufacturer,0.3636,11.0
DST-00011,distributor,4,MFG-00141,manufacturer,0.3571,14.0
DST-00160,distributor,4,WHS-00063,warehouse,0.3571,14.0
DST-00063,distributor,4,MFG-00038,manufacturer,0.3571,14.0
MFG-00045,manufacturer,4,SUP-00029,supplier,0.3571,14.0
RET-00124,retailer,4,WHS-00044,warehouse,0.3571,14.0
MFG-00078,manufacturer,3,SUP-00074,supplier,0.3571,14.0
DST-00144,distributor,4,MFG-00033,manufacturer,0.3529,17.0
MFG-00088,manufacturer,4,SUP-00286,supplier,0.3529,17.0
DST-00030,distributor,3,MFG-00045,manufacturer,0.3529,17.0
DST-00024,distributor,4,MFG-00131,manufacturer,0.3529,17.0
MFG-00065,manufacturer,4,SUP-00079,supplier,0.3529,17.0
WHS-00001,warehouse,4,SUP-00192,supplier,0.3529,17.0
DST-00190,distributor,6,WHS-00070,warehouse,0.3529,17.0
DST-00099,distributor,4,MFG-00131,manufacturer,0.3529,17.0
MFG-00113,manufacturer,5,SUP-00276,supplier,0.3529,17.0
DST-00079,distributor,4,MFG-00005,manufacturer,0.3529,17.0
DST-00017,distributor,3,MFG-00007,manufacturer,0.3333,15.0
MFG-00102,manufacturer,3,SUP-00074,supplier,0.3333,9.0
DST-00035,distributor,3,MFG-00033,manufacturer,0.3333,12.0
DST-00106,distributor,4,WHS-00088,warehouse,0.3333,12.0
RET-00094,retailer,4,DST-00191,distributor,0.3333,15.0
WHS-00031,warehouse,5,DST-00147,distributor,0.3333,15.0
WHS-00009,warehouse,4,MFG-00096,manufacturer,0.3333,15.0
MFG-00091,manufacturer,4,SUP-00299,supplier,0.3333,15.0
RET-00139,retailer,5,DST-00046,distributor,0.3333,18.0
DST-00102,distributor,4,MFG-00147,manufacturer,0.3333,9.0
RET-00072,retailer,5,DST-00015,distributor,0.3333,15.0
MFG-00127,manufacturer,4,WHS-00044,warehouse,0.3333,15.0
DST-00192,distributor,3,MFG-00069,manufacturer,0.3333,15.0
RET-00093,retailer,4,DST-00014,distributor,0.3333,18.0
RET-00150,retailer,4,DST-00042,distributor,0.3333,12.0
DST-00031,distributor,4,MFG-00067,manufacturer,0.3333,15.0
MFG-00019,manufacturer,4,SUP-00194,supplier,0.3333,15.0
MFG-00147,manufacturer,4,SUP-00156,supplier,0.3333,15.0
WHS-00023,warehouse,5,SUP-00272,supplier,0.3158,19.0
DST-00037,distributor,4,MFG-00004,manufacturer,0.3158,19.0
DST-00028,distributor,4,WHS-00044,warehouse,0.3158,19.0
DST-00015,distributor,5,MFG-00095,manufacturer,0.3158,19.0
DST-00146,distributor,4,MFG-00089,manufacturer,0.3158,19.0
DST-00008,distributor,5,MFG-00037,manufacturer,0.3125,16.0
MFG-00056,manufacturer,5,SUP-00001,supplier,0.3125,16.0
MFG-00066,manufacturer,5,SUP-00075,supplier,0.3125,16.0
DST-00044,distributor,4,MFG-00076,manufacturer,0.3125,16.0
MFG-00017,manufacturer,5,SUP-00086,supplier,0.3125,16.0
DST-00187,distributor,4,MFG-00110,manufacturer,0.3077,13.0
DST-00094,distributor,4,MFG-00099,manufacturer,0.3,10.0
RET-00041,retailer,5,DST-00162,distributor,0.3,20.0
DST-00100,distributor,4,MFG-00095,manufacturer,0.3,20.0
DST-00093,distributor,6,MFG-00098,manufacturer,0.3,20.0
DST-00045,distributor,6,MFG-00064,manufacturer,0.3,20.0
RET-00024,retailer,5,DST-00071,distributor,0.3,20.0
MFG-00081,manufacturer,6,SUP-00041,supplier,0.3,20.0
RET-00077,retailer,4,DST-00171,distributor,0.2941,17.0
DST-00188,distributor,5,WHS-00014,warehouse,0.2941,17.0
RET-00009,retailer,4,DST-00112,distributor,0.2941,17.0
DST-00098,distributor,4,MFG-00142,manufacturer,0.2941,17.0
MFG-00074,manufacturer,4,SUP-00059,supplier,0.2941,17.0
WHS-00046,warehouse,5,DST-00114,distributor,0.2857,21.0
DST-00018,distributor,5,MFG-00023,manufacturer,0.2857,21.0
WHS-00057,warehouse,6,DST-00134,distributor,0.2857,21.0
DST-00085,distributor,5,MFG-00141,manufacturer,0.2857,21.0
MFG-00079,manufacturer,4,SUP-00038,supplier,0.2857,21.0
DST-00022,distributor,6,MFG-00111,manufacturer,0.2857,21.0
DST-00179,distributor,6,MFG-00003,manufacturer,0.2857,21.0
MFG-00072,manufacturer,4,SUP-00187,supplier,0.2857,21.0
DST-00166,distributor,4,MFG-00001,manufacturer,0.2857,14.0
DST-00126,distributor,5,MFG-00029,manufacturer,0.2778,18.0
MFG-00067,manufacturer,4,SUP-00052,supplier,0.2778,18.0
RET-00061,retailer,5,DST-00028,distributor,0.2778,18.0
DST-00034,distributor,5,MFG-00125,manufacturer,0.2778,18.0
DST-00103,distributor,5,MFG-00118,manufacturer,0.2778,18.0
RET-00074,retailer,5,DST-00003,distributor,0.2778,18.0
DST-00127,distributor,5,MFG-00074,manufacturer,0.2778,18.0
MFG-00003,manufacturer,5,SUP-00250,supplier,0.2778,18.0
MFG-00086,manufacturer,6,SUP-00031,supplier,0.2727,22.0
RET-00028,retailer,5,DST-00058,distributor,0.2727,22.0
RET-00083,retailer,4,DST-00135,distributor,0.2727,11.0
MFG-00011,manufacturer,6,SUP-00198,supplier,0.2727,22.0
MFG-00001,manufacturer,5,SUP-00112,supplier,0.2727,22.0
DST-00047,distributor,5,MFG-00005,manufacturer,0.2727,22.0
DST-00013,distributor,4,MFG-00141,manufacturer,0.2727,11.0
DST-00073,distributor,5,MFG-00111,manufacturer,0.2632,19.0
MFG-00149,manufacturer,5,SUP-00077,supplier,0.2632,19.0
MFG-00015,manufacturer,5,SUP-00162,supplier,0.2632,19.0
DST-00118,distributor,5,MFG-00100,manufacturer,0.2632,19.0
MFG-00044,manufacturer,6,SUP-00233,supplier,0.2609,23.0
RET-00023,retailer,6,DST-00187,distributor,0.2609,23.0
RET-00034,retailer,5,DST-00080,distributor,0.2609,23.0
DST-00058,distributor,5,MFG-00092,manufacturer,0.2609,23.0
MFG-00107,manufacturer,6,SUP-00002,supplier,0.25,24.0
RET-00039,retailer,5,DST-00014,distributor,0.25,16.0
RET-00115,retailer,6,DST-00098,distributor,0.25,20.0
DST-00010,distributor,5,MFG-00067,manufacturer,0.25,20.0
RET-00085,retailer,6,DST-00069,distributor,0.25,20.0
RET-00134,retailer,5,DST-00147,distributor,0.25,24.0
DST-00176,distributor,5,MFG-00008,manufacturer,0.25,20.0
RET-00040,retailer,6,DST-00084,distributor,0.25,24.0
MFG-00005,manufacturer,5,SUP-00089,supplier,0.25,16.0
RET-00086,retailer,7,DST-00019,distributor,0.24,25.0
DST-00196,distributor,6,MFG-00093,manufacturer,0.24,25.0
RET-00105,retailer,6,DST-00004,distributor,0.24,25.0
MFG-00122,manufacturer,6,SUP-00263,supplier,0.24,25.0
RET-00078,retailer,7,DST-00193,distributor,0.24,25.0
DST-00001,distributor,7,MFG-00137,manufacturer,0.24,25.0
RET-00071,retailer,5,WHS-00044,warehouse,0.24,25.0
DST-00069,distributor,6,WHS-00043,warehouse,0.24,25.0
DST-00077,distributor,5,MFG-00022,manufacturer,0.24,25.0
RET-00050,retailer,6,DST-00077,distributor,0.24,25.0
MFG-00132,manufacturer,5,SUP-00147,supplier,0.2381,21.0
RET-00081,retailer,6,DST-00019,distributor,0.2381,21.0
WHS-00050,warehouse,6,MFG-00011,manufacturer,0.2381,21.0
DST-00165,distributor,6,MFG-00013,manufacturer,0.2381,21.0
RET-00017,retailer,7,DST-00149,distributor,0.2381,21.0
DST-00168,distributor,6,MFG-00097,manufacturer,0.2381,21.0
RET-00048,retailer,5,DST-00050,distributor,0.2353,17.0
DST-00121,distributor,6,MFG-00064,manufacturer,0.2353,17.0
MFG-00133,manufacturer,5,SUP-00042,supplier,0.2308,13.0
MFG-00105,manufacturer,6,SUP-00073,supplier,0.2308,26.0
RET-00059,retailer,7,DST-00021,distributor,0.2308,26.0
DST-00195,distributor,5,MFG-00052,manufacturer,0.2308,26.0
DST-00116,distributor,6,WHS-00002,warehouse,0.2308,26.0
DST-00087,distributor,6,MFG-00131,manufacturer,0.2273,22.0
RET-00012,retailer,5,DST-00110,distributor,0.2273,22.0
DST-00197,distributor,6,MFG-00081,manufacturer,0.2222,27.0
MFG-00145,manufacturer,7,SUP-00294,supplier,0.2222,27.0
RET-00053,retailer,7,WHS-00078,warehouse,0.2222,27.0
WHS-00062,warehouse,6,DST-00002,distributor,0.2222,18.0
RET-00145,retailer,7,MFG-00090,manufacturer,0.2222,27.0
DST-00061,distributor,6,WHS-00100,warehouse,0.2222,27.0
RET-00135,retailer,6,DST-00066,distributor,0.2174,23.0
WHS-00032,warehouse,6,DST-00149,distributor,0.2174,23.0
MFG-00043,manufacturer,6,SUP-00077,supplier,0.2174,23.0
MFG-00109,manufacturer,6,SUP-00137,supplier,0.2174,23.0
RET-00088,retailer,8,DST-00121,distributor,0.2174,23.0
MFG-00016,manufacturer,7,SUP-00107,supplier,0.2174,23.0
RET-00030,retailer,9,DST-00084,distributor,0.2143,28.0
MFG-00018,manufacturer,7,WHS-00088,warehouse,0.2143,28.0
RET-00035,retailer,8,DST-00135,distributor,0.2143,28.0
MFG-00141,manufacturer,6,SUP-00201,supplier,0.2143,28.0
MFG-00080,manufacturer,6,SUP-00136,supplier,0.2143,28.0
RET-00091,retailer,7,WHS-00007,warehouse,0.2143,28.0
WHS-00024,warehouse,6,DST-00144,distributor,0.2105,19.0
RET-00025,retailer,6,DST-00151,distributor,0.2105,19.0
RET-00133,retailer,8,DST-00145,distributor,0.2083,24.0
DST-00003,distributor,6,MFG-00124,manufacturer,0.2083,24.0
MFG-00116,manufacturer,6,SUP-00242,supplier,0.2083,24.0
DST-00194,distributor,6,MFG-00004,manufacturer,0.2083,24.0
DST-00186,distributor,7,MFG-00030,manufacturer,0.2083,24.0
MFG-00013,manufacturer,7,SUP-00058,supplier,0.2069,29.0
MFG-00121,manufacturer,7,SUP-00233,supplier,0.2069,29.0
DST-00132,distributor,7,MFG-00054,manufacturer,0.2069,29.0
MFG-00069,manufacturer,8,SUP-00184,supplier,0.2069,29.0
MFG-00143,manufacturer,7,SUP-00165,supplier,0.2069,29.0
WHS-00028,warehouse,6,DST-00019,distributor,0.2069,29.0
DST-00046,distributor,8,MFG-00112,manufacturer,0.2069,29.0
MFG-00033,manufacturer,7,SUP-00053,supplier,0.2069,29.0
MFG-00002,manufacturer,7,SUP-00118,supplier,0.2069,29.0
RET-00038,retailer,7,DST-00192,distributor,0.2,30.0
MFG-00104,manufacturer,8,SUP-00224,supplier,0.2,25.0
DST-00119,distributor,6,MFG-00073,manufacturer,0.2,25.0
MFG-00054,manufacturer,7,SUP-00063,supplier,0.2,25.0
MFG-00129,manufacturer,7,SUP-00039,supplier,0.1935,31.0
RET-00084,retailer,8,DST-00149,distributor,0.1935,31.0
RET-00144,retailer,8,DST-00116,distributor,0.1935,31.0
RET-00079,retailer,7,DST-00019,distributor,0.1935,31.0
RET-00098,retailer,9,DST-00042,distributor,0.1935,31.0
DST-00019,distributor,8,MFG-00036,manufacturer,0.1923,26.0
MFG-00111,manufacturer,8,SUP-00011,supplier,0.1923,26.0
RET-00031,retailer,8,DST-00088,distributor,0.1923,26.0
RET-00027,retailer,7,DST-00078,distributor,0.1923,26.0
WHS-00026,warehouse,7,DST-00190,distributor,0.1923,26.0
DST-00117,distributor,8,MFG-00075,manufacturer,0.1875,32.0
RET-00005,retailer,7,DST-00087,distributor,0.1875,32.0
MFG-00057,manufacturer,7,SUP-00043,supplier,0.1875,32.0
MFG-00139,manufacturer,9,SUP-00139,supplier,0.1875,32.0
WHS-00030,warehouse,9,MFG-00092,manufacturer,0.1875,32.0
RET-00147,retailer,9,DST-00090,distributor,0.1875,32.0
DST-00198,distributor,8,MFG-00050,manufacturer,0.1875,32.0
MFG-00049,manufacturer,8,SUP-00117,supplier,0.1875,32.0
DST-00130,distributor,9,WHS-00008,warehouse,0.1875,32.0
RET-00018,retailer,8,DST-00162,distributor,0.1852,27.0
WHS-00088,warehouse,7,MFG-00086,manufacturer,0.1852,27.0
DST-00007,distributor,8,MFG-00122,manufacturer,0.1852,27.0
WHS-00043,warehouse,8,SUP-00238,supplier,0.1852,27.0
DST-00184,distributor,7,MFG-00023,manufacturer,0.1852,27.0
MFG-00101,manufacturer,8,SUP-00254,supplier,0.1818,33.0
MFG-00126,manufacturer,9,SUP-00265,supplier,0.1818,33.0
MFG-00029,manufacturer,9,SUP-00138,supplier,0.1818,33.0
RET-00148,retailer,9,DST-00100,distributor,0.1818,33.0
DST-00042,distributor,9,WHS-00031,warehouse,0.1818,33.0
RET-00114,retailer,7,DST-00051,distributor,0.1818,33.0
WHS-00098,warehouse,9,DST-00152,distributor,0.1818,33.0
MFG-00071,manufacturer,8,SUP-00114,supplier,0.1818,33.0
RET-00056,retailer,8,DST-00169,distributor,0.1786,28.0
DST-00105,distributor,8,MFG-00141,manufacturer,0.1786,28.0
MFG-00063,manufacturer,8,SUP-00070,supplier,0.1786,28.0
DST-00090,distributor,8,MFG-00039,manufacturer,0.1786,28.0
MFG-00137,manufacturer,9,WHS-00027,warehouse,0.1786,28.0
RET-00022,retailer,8,MFG-00006,manufacturer,0.1765,34.0
DST-00060,distributor,9,MFG-00001,manufacturer,0.1765,34.0
MFG-00028,manufacturer,9,SUP-00035,supplier,0.1765,34.0
DST-00005,distributor,9,MFG-00036,manufacturer,0.1765,34.0
MFG-00076,manufacturer,8,SUP-00155,supplier,0.1765,34.0
WHS-00019,warehouse,9,DST-00157,distributor,0.1765,34.0
WHS-00071,warehouse,11,SUP-00114,supplier,0.1765,34.0
MFG-00118,manufacturer,8,SUP-00161,supplier,0.1765,34.0
DST-00065,distributor,9,MFG-00065,manufacturer,0.1765,34.0
RET-00143,retailer,8,DST-00069,distributor,0.1765,34.0
DST-00101,distributor,7,MFG-00031,manufacturer,0.1724,29.0
MFG-00103,manufacturer,7,SUP-00051,supplier,0.1724,29.0
MFG-00014,manufacturer,6,SUP-00039,supplier,0.1724,29.0
WHS-00081,warehouse,12,MFG-00030,manufacturer,0.1714,35.0
WHS-00005,warehouse,7,MFG-00005,manufacturer,0.1714,35.0
WHS-00083,warehouse,8,DST-00115,distributor,0.1714,35.0
WHS-00077,warehouse,8,MFG-00018,manufacturer,0.1714,35.0
WHS-00072,warehouse,10,SUP-00027,supplier,0.1714,35.0
MFG-00036,manufacturer,9,SUP-00005,supplier,0.1714,35.0
DST-00027,distributor,9,MFG-00130,manufacturer,0.1667,36.0
MFG-00004,manufacturer,8,SUP-00060,supplier,0.1667,30.0
MFG-00041,manufacturer,8,SUP-00096,supplier,0.1667,36.0
DST-00071,distributor,7,MFG-00021,manufacturer,0.1667,24.0
RET-00080,retailer,11,DST-00115,distributor,0.1667,36.0
WHS-00060,warehouse,9,DST-00112,distributor,0.1667,36.0
DST-00112,distributor,10,WHS-00028,warehouse,0.1667,36.0
RET-00069,retailer,8,DST-00086,distributor,0.1667,30.0
RET-00107,retailer,9,MFG-00054,manufacturer,0.1667,36.0
RET-00065,retailer,8,DST-00053,distributor,0.1667,30.0
RET-00058,retailer,10,MFG-00123,manufacturer,0.1667,36.0
MFG-00009,manufacturer,8,SUP-00013,supplier,0.1667,24.0
RET-00102,retailer,9,DST-00030,distributor,0.1667,36.0
MFG-00115,manufacturer,9,SUP-00066,supplier,0.1667,24.0
DST-00039,distributor,8,MFG-00028,manufacturer,0.1667,30.0
DST-00014,distributor,10,MFG-00089,manufacturer,0.1622,37.0
RET-00087,retailer,9,DST-00133,distributor,0.1622,37.0
RET-00019,retailer,11,DST-00161,distributor,0.1622,37.0
MFG-00022,manufacturer,10,SUP-00106,supplier,0.1622,37.0
DST-00080,distributor,8,MFG-00041,manufacturer,0.1622,37.0
MFG-00012,manufacturer,9,SUP-00004,supplier,0.1622,37.0
MFG-00059,manufacturer,10,SUP-00080,supplier,0.1613,31.0
MFG-00095,manufacturer,7,SUP-00159,supplier,0.1613,31.0
MFG-00075,manufacturer,8,SUP-00022,supplier,0.1613,31.0
MFG-00023,manufacturer,8,SUP-00100,supplier,0.1613,31.0
MFG-00073,manufacturer,9,SUP-00091,supplier,0.1613,31.0
DST-00152,distributor,8,MFG-00025,manufacturer,0.1613,31.0
MFG-00123,manufacturer,8,SUP-00046,supplier,0.16,25.0
RET-00123,retailer,9,DST-00021,distributor,0.16,25.0
RET-00110,retailer,8,DST-00015,distributor,0.1579,38.0
RET-00119,retailer,10,MFG-00131,manufacturer,0.1579,38.0
RET-00006,retailer,11,DST-00081,distributor,0.1579,38.0
MFG-00130,manufacturer,10,SUP-00199,supplier,0.1579,38.0
WHS-00035,warehouse,9,MFG-00008,manufacturer,0.1579,38.0
DST-00097,distributor,9,MFG-00002,manufacturer,0.1579,38.0
MFG-00026,manufacturer,9,SUP-00194,supplier,0.1562,32.0
MFG-00084,manufacturer,10,SUP-00114,supplier,0.1562,32.0
RET-00004,retailer,9,DST-00002,distributor,0.1562,32.0
WHS-00082,warehouse,10,MFG-00007,manufacturer,0.1562,32.0
DST-00043,distributor,9,MFG-00028,manufacturer,0.1562,32.0
DST-00108,distributor,9,MFG-00088,manufacturer,0.1562,32.0
MFG-00010,manufacturer,9,SUP-00014,supplier,0.1538,39.0
RET-00140,retailer,9,DST-00073,distributor,0.1538,39.0
MFG-00037,manufacturer,11,SUP-00185,supplier,0.1538,39.0
RET-00055,retailer,10,DST-00031,distributor,0.1538,39.0
RET-00108,retailer,9,DST-00119,distributor,0.1515,33.0
WHS-00059,warehouse,10,DST-00087,distributor,0.1515,33.0
WHS-00097,warehouse,10,MFG-00124,manufacturer,0.1515,33.0
MFG-00050,manufacturer,8,SUP-00035,supplier,0.1515,33.0
RET-00131,retailer,9,DST-00150,distributor,0.1515,33.0
WHS-00090,warehouse,9,DST-00112,distributor,0.1515,33.0
WHS-00006,warehouse,8,DST-00112,distributor,0.15,40.0
DST-00180,distributor,10,MFG-00116,manufacturer,0.15,40.0
MFG-00144,manufacturer,10,SUP-00037,supplier,0.15,40.0
WHS-00018,warehouse,11,DST-00147,distributor,0.15,40.0
RET-00021,retailer,11,DST-00108,distributor,0.15,40.0
WHS-00074,warehouse,9,SUP-00271,supplier,0.15,40.0
WHS-00068,warehouse,11,SUP-00082,supplier,0.15,40.0
MFG-00040,manufacturer,10,SUP-00051,supplier,0.15,40.0
RET-00132,retailer,9,DST-00073,distributor,0.1471,34.0
RET-00032,retailer,10,DST-00063,distributor,0.1471,34.0
RET-00137,retailer,10,DST-00135,distributor,0.1463,41.0
DST-00124,distributor,11,MFG-00087,manufacturer,0.1463,41.0
MFG-00087,manufacturer,10,SUP-00046,supplier,0.1463,41.0
RET-00052,retailer,11,DST-00034,distributor,0.1463,41.0
MFG-00106,manufacturer,9,SUP-00199,supplier,0.1463,41.0
MFG-00108,manufacturer,9,SUP-00100,supplier,0.1429,35.0
DST-00128,distributor,10,MFG-00078,manufacturer,0.1429,35.0
MFG-00082,manufacturer,12,SUP-00035,supplier,0.1429,42.0
RET-00121,retailer,12,DST-00042,distributor,0.1429,42.0
MFG-00034,manufacturer,10,SUP-00098,supplier,0.1429,42.0
MFG-00112,manufacturer,10,SUP-00132,supplier,0.1429,35.0
WHS-00091,warehouse,11,SUP-00054,supplier,0.1429,42.0
MFG-00146,manufacturer,12,SUP-00006,supplier,0.1395,43.0
RET-00037,retailer,11,DST-00103,distributor,0.1395,43.0
RET-00063,retailer,11,DST-00121,distributor,0.1395,43.0
RET-00112,retailer,13,DST-00022,distributor,0.1395,43.0
WHS-00054,warehouse,10,MFG-00063,manufacturer,0.1395,43.0
RET-00057,retailer,11,DST-00023,distributor,0.1395,43.0
MFG-00125,manufacturer,9,SUP-00107,supplier,0.1389,36.0
MFG-00120,manufacturer,10,SUP-00089,supplier,0.1389,36.0
MFG-00138,manufacturer,11,SUP-00024,supplier,0.1389,36.0
MFG-00090,manufacturer,10,SUP-00046,supplier,0.1389,36.0
RET-00047,retailer,11,DST-00136,distributor,0.1364,44.0
RET-00090,retailer,12,DST-00143,distributor,0.1364,44.0
MFG-00097,manufacturer,13,SUP-00274,supplier,0.1364,44.0
RET-00111,retailer,10,DST-00101,distributor,0.1364,44.0
MFG-00092,manufacturer,13,SUP-00161,supplier,0.1364,44.0
RET-00116,retailer,13,DST-00091,distributor,0.1364,44.0
RET-00002,retailer,10,DST-00116,distributor,0.1351,37.0
DST-00162,distributor,10,MFG-00074,manufacturer,0.1351,37.0
RET-00146,retailer,12,DST-00115,distributor,0.1333,45.0
WHS-00037,warehouse,12,DST-00112,distributor,0.1333,45.0
DST-00115,distributor,11,MFG-00130,manufacturer,0.1333,45.0
DST-00088,distributor,10,MFG-00030,manufacturer,0.1333,45.0
RET-00129,retailer,10,DST-00008,distributor,0.1316,38.0
WHS-00007,warehouse,10,SUP-00035,supplier,0.1316,38.0
MFG-00089,manufacturer,12,SUP-00064,supplier,0.1316,38.0
RET-00109,retailer,9,DST-00061,distributor,0.1316,38.0
RET-00049,retailer,11,DST-00103,distributor,0.1304,46.0
MFG-00131,manufacturer,13,SUP-00136,supplier,0.1304,46.0
RET-00122,retailer,12,WHS-00019,warehouse,0.1304,46.0
RET-00001,retailer,11,DST-00084,distributor,0.1304,46.0
MFG-00042,manufacturer,13,SUP-00132,supplier,0.1304,46.0
RET-00138,retailer,11,DST-00095,distributor,0.1282,39.0
WHS-00040,warehouse,12,MFG-00028,manufacturer,0.1277,47.0
RET-00020,retailer,13,DST-00165,distributor,0.1277,47.0
MFG-00068,manufacturer,11,SUP-00005,supplier,0.125,40.0
MFG-00114,manufacturer,11,SUP-00145,supplier,0.125,48.0
RET-00127,retailer,12,DST-00084,distributor,0.125,48.0
MFG-00098,manufacturer,12,SUP-00091,supplier,0.125,48.0
RET-00104,retailer,12,DST-00021,distributor,0.125,48.0
RET-00045,retailer,12,DST-00172,distributor,0.125,48.0
RET-00092,retailer,11,WHS-00030,warehouse,0.125,40.0
RET-00099,retailer,12,DST-00074,distributor,0.125,48.0
WHS-00049,warehouse,13,SUP-00024,supplier,0.1224,49.0
MFG-00062,manufacturer,12,SUP-00045,supplier,0.1224,49.0
WHS-00036,warehouse,11,DST-00042,distributor,0.122,41.0
MFG-00058,manufacturer,11,SUP-00062,supplier,0.122,41.0
RET-00046,retailer,14,DST-00059,distributor,0.12,50.0
RET-00076,retailer,13,MFG-00115,manufacturer,0.12,50.0
MFG-00135,manufacturer,13,SUP-00119,supplier,0.12,50.0
WHS-00076,warehouse,16,DST-00022,distributor,0.12,50.0
MFG-00025,manufacturer,12,SUP-00070,supplier,0.119,42.0
DST-00084,distributor,14,MFG-00126,manufacturer,0.1176,51.0
RET-00013,retailer,11,DST-00013,distributor,0.1176,51.0
RET-00100,retailer,12,DST-00019,distributor,0.1176,51.0
RET-00096,retailer,15,DST-00114,distributor,0.1176,51.0
RET-00130,retailer,14,DST-00075,distributor,0.1176,51.0
MFG-00053,manufacturer,12,SUP-00188,supplier,0.1163,43.0
MFG-00035,manufacturer,14,SUP-00032,supplier,0.1154,52.0
RET-00029,retailer,13,DST-00149,distributor,0.1154,52.0
RET-00082,retailer,13,DST-00064,distributor,0.1154,52.0
MFG-00128,manufacturer,11,SUP-00033,supplier,0.1154,52.0
MFG-00094,manufacturer,13,SUP-00161,supplier,0.1136,44.0
RET-00003,retailer,14,MFG-00077,manufacturer,0.1132,53.0
RET-00095,retailer,13,DST-00050,distributor,0.1132,53.0
DST-00177,distributor,13,MFG-00038,manufacturer,0.1132,53.0
MFG-00136,manufacturer,12,SUP-00076,supplier,0.1111,45.0
MFG-00048,manufacturer,14,SUP-00212,supplier,0.1111,54.0
RET-00014,retailer,13,DST-00035,distributor,0.1111,54.0
RET-00089,retailer,14,DST-00163,distributor,0.1091,55.0
RET-00008,retailer,14,DST-00084,distributor,0.1091,55.0
WHS-00086,warehouse,13,DST-00036,distributor,0.1087,46.0
MFG-00006,manufacturer,14,SUP-00229,supplier,0.1071,56.0
MFG-00055,manufacturer,14,SUP-00157,supplier,0.1071,56.0
MFG-00110,manufacturer,15,SUP-00251,supplier,0.1071,56.0
MFG-00021,manufacturer,13,SUP-00054,supplier,0.1053,57.0
RET-00011,retailer,17,DST-00116,distributor,0.1034,58.0
MFG-00148,manufacturer,16,SUP-00248,supplier,0.1034,58.0
RET-00141,retailer,18,DST-00056,distributor,0.1034,58.0
WHS-00045,warehouse,13,DST-00097,distributor,0.1034,58.0
WHS-00084,warehouse,15,MFG-00056,manufacturer,0.1034,58.0
RET-00106,retailer,13,DST-00032,distributor,0.102,49.0
WHS-00058,warehouse,16,SUP-00017,supplier,0.1017,59.0
MFG-00100,manufacturer,14,SUP-00068,supplier,0.1017,59.0
RET-00113,retailer,16,DST-00037,distributor,0.1017,59.0
WHS-00042,warehouse,13,DST-00149,distributor,0.1017,59.0
RET-00051,retailer,17,DST-00009,distributor,0.1017,59.0
RET-00142,retailer,15,DST-00045,distributor,0.1,60.0
WHS-00051,warehouse,15,DST-00022,distributor,0.0984,61.0
WHS-00100,warehouse,16,SUP-00076,supplier,0.0984,61.0
WHS-00016,warehouse,16,MFG-00056,manufacturer,0.0984,61.0
RET-00103,retailer,13,DST-00068,distributor,0.098,51.0
RET-00042,retailer,16,DST-00035,distributor,0.0968,62.0
RET-00101,retailer,15,DST-00074,distributor,0.0968,62.0
WHS-00038,warehouse,14,MFG-00072,manufacturer,0.0968,62.0
WHS-00061,warehouse,17,SUP-00073,supplier,0.0968,62.0
RET-00007,retailer,16,DST-00116,distributor,0.0962,52.0
WHS-00021,warehouse,16,DST-00153,distributor,0.0952,63.0
RET-00066,retailer,15,DST-00070,distributor,0.0952,63.0
RET-00125,retailer,15,DST-00019,distributor,0.0943,53.0
MFG-00008,manufacturer,15,SUP-00019,supplier,0.0938,64.0
MFG-00038,manufacturer,15,SUP-00009,supplier,0.0938,64.0
WHS-00055,warehouse,17,SUP-00246,supplier,0.0938,64.0
MFG-00032,manufacturer,15,SUP-00229,supplier,0.0923,65.0
DST-00149,distributor,15,WHS-00023,warehouse,0.0923,65.0
MFG-00024,manufacturer,20,SUP-00211,supplier,0.0909,66.0
RET-00033,retailer,17,DST-00063,distributor,0.0909,55.0
WHS-00013,warehouse,17,DST-00122,distributor,0.0909,66.0
RET-00073,retailer,18,DST-00051,distributor,0.0896,67.0
WHS-00073,warehouse,17,DST-00116,distributor,0.0896,67.0
WHS-00080,warehouse,15,DST-00042,distributor,0.0893,56.0
RET-00010,retailer,17,DST-00043,distributor,0.087,69.0
WHS-00066,warehouse,19,DST-00130,distributor,0.0845,71.0
WHS-00089,warehouse,17,DST-00112,distributor,0.0845,71.0
WHS-00094,warehouse,19,SUP-00013,supplier,0.0833,72.0
WHS-00002,warehouse,22,DST-00020,distributor,0.0833,72.0
MFG-00134,manufacturer,19,SUP-00109,supplier,0.0822,73.0
WHS-00070,warehouse,18,DST-00071,distributor,0.0822,73.0
RET-00149,retailer,21,DST-00021,distributor,0.08,75.0
MFG-00096,manufacturer,21,SUP-00082,supplier,0.0789,76.0
MFG-00077,manufacturer,19,SUP-00029,supplier,0.0779,77.0
RET-00067,retailer,20,DST-00158,distributor,0.0779,77.0
MFG-00047,manufacturer,20,SUP-00049,supplier,0.0779,77.0
RET-00036,retailer,20,DST-00191,distributor,0.0769,78.0
WHS-00039,warehouse,18,MFG-00017,manufacturer,0.0769,78.0
WHS-00079,warehouse,19,DST-00035,distributor,0.0769,78.0
WHS-00093,warehouse,18,DST-00078,distributor,0.0769,78.0
MFG-00046,manufacturer,18,SUP-00020,supplier,0.0769,78.0
WHS-00003,warehouse,20,SUP-00033,supplier,0.0769,78.0
WHS-00012,warehouse,19,DST-00120,distributor,0.0759,79.0
WHS-00027,warehouse,21,DST-00003,distributor,0.0732,82.0
WHS-00025,warehouse,24,DST-00115,distributor,0.0723,83.0
WHS-00044,warehouse,20,DST-00083,distributor,0.0723,83.0
WHS-00096,warehouse,22,SUP-00025,supplier,0.0698,86.0
WHS-00029,warehouse,23,DST-00100,distributor,0.0682,88.0
WHS-00022,warehouse,24,SUP-00264,supplier,0.0682,88.0
WHS-00063,warehouse,26,DST-00147,distributor,0.0667,90.0
WHS-00064,warehouse,20,MFG-00016,manufacturer,0.0667,75.0
WHS-00085,warehouse,23,DST-00004,distributor,0.0625,96.0
RET-00117,retailer,22,DST-00026,distributor,0.0612,98.0
WHS-00056,warehouse,24,DST-00108,distributor,0.0606,99.0
WHS-00033,warehouse,28,DST-00064,distributor,0.06,100.0
WHS-00020,warehouse,32,DST-00092,distributor,0.0577,104.0
WHS-00053,warehouse,27,DST-00043,distributor,0.0577,104.0
WHS-00092,warehouse,33,DST-00199,distributor,0.0561,107.0
WHS-00065,warehouse,31,MFG-00143,manufacturer,0.0504,119.0
WHS-00014,warehouse,37,DST-00105,distributor,0.048,125.0
WHS-00041,warehouse,42,MFG-00008,manufacturer,0.0387,155.0
