month,node,total_degree,betweenness,pagerank
2024-01,WHS-00006,34,0.09247841795202924,0.042479868864838816
2024-01,WHS-00005,33,0.09552905982831024,0.019369408433374636
2024-01,WHS-00008,29,0.022581028025410003,0.024526544801975757
2024-01,WHS-00003,28,0.08728373191511052,0.02279643667904088
2024-01,WHS-00004,23,0.02921624173531516,0.01955902850288919
2024-01,MFG-00002,20,0.047104621952945194,0.015912435060845696
2024-01,MFG-00014,19,0.022800136597106235,0.013213643952243812
2024-01,WHS-00001,19,0.009761175152108066,0.024097128542916308
2024-01,MFG-00001,19,0.037103751770133406,0.013588224257159411
2024-01,WHS-00007,19,0.02576327581676143,0.01738200828531019
2024-01,DST-00016,19,0.04844763904273684,0.013572832290501258
2024-01,RET-00014,18,0.0,0.044402425694322636
2024-01,MFG-00009,17,0.015282030869082423,0.01782177959071212
2024-01,WHS-00009,17,0.013539566333524855,0.013034082705432295
2024-01,MFG-00005,17,0.014125589235170235,0.012290215073210205
2024-01,MFG-00012,17,0.006612835818965428,0.008137692223427917
2024-01,DST-00017,17,0.02142963788106276,0.020495264261148134
2024-01,RET-00004,16,0.0,0.02549091431935023
2024-01,DST-00008,16,0.042444737269191624,0.00855471240141632
2024-01,MFG-00003,16,0.01313722692745331,0.014798380043158917
2024-02,WHS-00006,34,0.09373551113221178,0.03909864183136142
2024-02,WHS-00005,34,0.0963972900084327,0.023977432946905866
2024-02,WHS-00008,29,0.0222667930953322,0.02938854453473786
2024-02,WHS-00003,28,0.08928735213522426,0.02486666422197494
2024-02,WHS-00004,23,0.02600646781614591,0.019569053965722324
2024-02,DST-00016,20,0.048160852417423614,0.016040303296325685
2024-02,WHS-00001,20,0.011373119064427931,0.025998100613688083
2024-02,WHS-00007,20,0.022951676289847435,0.015795036620834698
2024-02,MFG-00002,19,0.04350065334916792,0.014412143446462185
2024-02,MFG-00014,19,0.02275198663408638,0.014415569060348738
2024-02,MFG-00005,18,0.01428371672292174,0.009576068570873493
2024-02,MFG-00012,18,0.007210154823410624,0.007837359619762214
2024-02,WHS-00009,18,0.021301467325450775,0.012776223796989545
2024-02,MFG-00001,17,0.027062511151154912,0.01322601301547198
2024-02,DST-00008,17,0.04807929849147524,0.012237585045059785
2024-02,RET-00014,17,0.0,0.04729490943878054
2024-02,DST-00017,17,0.020750843103783417,0.0194662509438244
2024-02,MFG-00003,16,0.013511166322236114,0.01519680985320024
2024-02,MFG-00011,16,0.009693726884807019,0.010640973505811354
2024-02,MFG-00009,16,0.013055380763603623,0.01696061690419424
2024-03,WHS-00006,34,0.09469866667400248,0.039494380559333644
2024-03,WHS-00005,34,0.09927585057305682,0.026880934998271988
2024-03,WHS-00008,29,0.02130831652427234,0.025493873192769217
2024-03,WHS-00003,28,0.08864972827499944,0.025462976888720453
2024-03,WHS-00004,23,0.025565806540853536,0.019666460870377222
2024-03,WHS-00007,20,0.02413713372654988,0.02083010435499441
2024-03,WHS-00001,20,0.01134376502266247,0.023762945193627323
2024-03,MFG-00002,19,0.040448117527172145,0.015569316325893222
2024-03,DST-00016,19,0.04570136880851221,0.018356111216096996
2024-03,MFG-00014,19,0.020788034792660552,0.01772548671490838
2024-03,WHS-00009,18,0.022195391664508454,0.01246531812147916
2024-03,MFG-00012,18,0.007047542013260399,0.00852426377741061
2024-03,MFG-00001,18,0.0287837755725238,0.013285994720013832
2024-03,MFG-00005,17,0.013639876162269367,0.011899260632444427
2024-03,RET-00014,17,0.0,0.04599076910376273
2024-03,MFG-00009,17,0.01481706259393657,0.019196183355723012
2024-03,DST-00008,17,0.0518926348808333,0.012563998866136636
2024-03,MFG-00003,16,0.014057833967082354,0.012264755950060364
2024-03,MFG-00011,16,0.008705671671032056,0.012150409456127068
2024-03,DST-00017,15,0.022118790478209718,0.02124824895436674
